{
    "theta0": 7833.942354820996,
    "theta1": -4196.00297759265
}